Label,Dice_ET,Dice_WT,Dice_TC,Sensitivity_ET,Sensitivity_WT,Sensitivity_TC,Specificity_ET,Specificity_WT,Specificity_TC,Hausdorff95_ET,Hausdorff95_WT,Hausdorff95_TC
BraTS20_Training_001,0.87876,0.94282,0.91985,0.94914,0.92828,0.97786,0.99934,0.99901,0.99928,1.41421,2.23607,7.34847
BraTS20_Training_002,0.84867,0.82191,0.6086,0.87219,0.98181,0.97893,0.99986,0.99692,0.99782,1.0,10.81665,22.52108
BraTS20_Training_003,0.82895,0.6921,0.881,0.88259,0.67853,0.9078,0.99992,0.99905,0.99994,1.41421,8.12404,37.50999
BraTS20_Training_004,0.88855,0.91504,0.80028,0.92444,0.97523,0.86947,0.99973,0.99817,0.9991,1.73205,19.41649,47.06272
BraTS20_Training_005,0.67556,0.61303,0.72216,0.58706,0.52784,0.63123,0.99982,0.99952,0.99981,28.47806,39.10243,46.78675
BraTS20_Training_006,0.77158,0.93818,0.90401,0.6804,0.92789,0.84723,0.99977,0.9992,0.99986,3.0,2.0,3.31662
BraTS20_Training_007,0.89076,0.8646,0.92664,0.92807,0.91479,0.9232,0.99989,0.9991,0.99993,1.0,3.74166,13.00768
BraTS20_Training_008,0.85826,0.79889,0.12511,0.81503,0.91829,0.90643,0.99999,0.99857,0.99807,2.0,7.68115,17.5784
BraTS20_Training_009,0.83675,0.90362,0.84301,0.79366,0.9116,0.83348,0.99941,0.99778,0.99876,4.0,4.12311,9.43398
BraTS20_Training_010,0.88075,0.77981,0.83899,0.91565,0.89076,0.91936,0.99988,0.99802,0.99979,2.23607,13.92839,54.22637
BraTS20_Training_011,0.72388,0.87499,0.83241,0.99636,0.95999,0.96425,0.99951,0.99854,0.99959,2.82843,5.91608,4.58258
BraTS20_Training_012,0.85605,0.83145,0.87912,0.86422,0.7903,0.92669,0.9999,0.9996,0.99983,1.41421,16.76305,3.0
BraTS20_Training_013,0.71037,0.87595,0.8652,0.81159,0.88012,0.95535,0.99979,0.99932,0.99959,1.41421,11.14891,30.50901
BraTS20_Training_014,0.82927,0.86011,0.81791,0.86782,0.96839,0.89666,0.99954,0.99742,0.99908,1.73205,4.3589,9.43398
BraTS20_Training_015,0.86602,0.93665,0.77794,0.93779,0.96582,0.68581,0.99977,0.99863,0.99985,1.41421,2.82843,10.48809
BraTS20_Training_016,0.54107,0.89121,0.80396,0.72888,0.96636,0.86096,0.99859,0.99708,0.9987,4.58258,3.0,18.02776
BraTS20_Training_017,0.84003,0.88276,0.77052,0.94088,0.96463,0.88194,0.99976,0.99748,0.99933,1.41421,4.12311,13.19091
BraTS20_Training_018,0.61958,0.74979,0.48691,0.87729,0.89476,0.8998,0.99982,0.9975,0.99959,25.77204,5.09902,27.74887
BraTS20_Training_019,0.76962,0.86313,0.83347,0.94946,0.88753,0.94462,0.99943,0.99917,0.99926,2.0,4.12311,7.34847
BraTS20_Training_020,0.72914,0.89826,0.87878,0.71492,0.8795,0.81418,0.99924,0.99842,0.99948,2.23607,4.69042,5.47723
BraTS20_Training_021,0.56876,0.73369,0.75799,0.76024,0.68617,0.75692,0.99969,0.99924,0.99985,3.31662,10.63015,51.35173
BraTS20_Training_022,0.87111,0.91008,0.84927,0.94155,0.97813,0.96008,0.99955,0.99868,0.99896,1.41421,6.0,7.14143
BraTS20_Training_023,0.7879,0.84159,0.90086,0.74536,0.75418,0.83088,0.99982,0.99982,0.99997,2.0,3.74166,3.0
BraTS20_Training_024,0.90573,0.86533,0.86411,0.89094,0.9625,0.89168,0.9998,0.99716,0.99945,1.41421,3.16228,9.43398
BraTS20_Training_025,0.88835,0.89825,0.95851,0.95732,0.96517,0.98578,0.99961,0.99848,0.9997,1.0,10.0,1.41421
BraTS20_Training_026,0.77164,0.92341,0.79164,0.77961,0.96976,0.90376,0.99936,0.9973,0.99851,3.0,3.31662,14.03567
BraTS20_Training_027,0.84065,0.71796,0.82112,0.7935,0.9829,0.90737,0.99982,0.99432,0.99914,1.41421,10.04988,9.0
BraTS20_Training_028,0.65164,0.85226,0.84234,0.59045,0.85445,0.83749,0.99977,0.99965,0.99975,2.23607,3.60555,3.0
BraTS20_Training_029,0.89853,0.88424,0.92219,0.90791,0.97124,0.94333,0.99993,0.99841,0.99992,1.0,2.82843,21.00595
BraTS20_Training_030,0.78919,0.81484,0.60786,0.84567,0.79966,0.78536,0.9998,0.99815,0.99929,4.12311,5.09902,36.48287
BraTS20_Training_031,0.88211,0.87034,0.86999,0.91266,0.90533,0.93734,0.99961,0.99826,0.9993,1.41421,13.19091,53.90733
BraTS20_Training_032,0.74433,0.85663,0.84886,0.71923,0.83864,0.80092,0.99977,0.99965,0.99983,2.23607,3.31662,3.74166
BraTS20_Training_033,0.91355,0.93355,0.93544,0.9584,0.97433,0.9231,0.99975,0.99842,0.99986,1.0,2.0,5.09902
BraTS20_Training_034,0.85678,0.90523,0.91815,0.85219,0.98125,0.94958,0.99962,0.99806,0.9994,1.41421,14.86607,4.12311
BraTS20_Training_035,0.79638,0.82991,0.80094,0.91633,0.8391,0.83862,0.99895,0.99837,0.99861,1.41421,8.83176,13.34166
BraTS20_Training_036,0.85488,0.82718,0.87497,0.85463,0.86885,0.88767,0.99992,0.99961,0.99991,1.73205,4.12311,2.23607
BraTS20_Training_037,0.86038,0.92613,0.6366,0.87483,0.88706,0.93683,0.99973,0.99938,0.99718,1.0,3.0,25.46861
BraTS20_Training_038,0.82972,0.9127,0.89003,0.80708,0.9344,0.86159,0.99959,0.99871,0.99969,1.73205,3.0,2.44949
BraTS20_Training_039,0.85456,0.8618,0.76912,0.90363,0.98149,0.93627,0.9997,0.99827,0.99894,2.0,4.12311,9.48683
BraTS20_Training_040,0.877,0.92341,0.85738,0.84392,0.90625,0.9197,0.99974,0.99889,0.99877,1.41421,2.23607,16.43168
BraTS20_Training_041,0.78032,0.92161,0.90596,0.87234,0.97269,0.90439,0.99938,0.99841,0.99964,2.23607,2.23607,4.12311
BraTS20_Training_042,0.8674,0.92269,0.953,0.85556,0.97328,0.94004,0.99972,0.99883,0.99985,1.41421,4.0,1.41421
BraTS20_Training_043,0.59323,0.76814,0.61093,0.56136,0.66189,0.81028,0.9999,0.99974,0.99927,2.82843,5.74456,12.84523
BraTS20_Training_044,0.69761,0.6224,0.6475,0.74504,0.50611,0.65821,0.99994,0.99974,0.99992,4.57705,11.44552,58.6873
BraTS20_Training_045,0.8913,0.928,0.94861,0.96113,0.96589,0.98046,0.99912,0.99873,0.99945,1.41421,2.23607,2.0
BraTS20_Training_046,0.34191,0.23136,0.33236,0.22034,0.13153,0.22368,0.99999,0.99998,0.99998,12.20656,21.23676,10.13136
BraTS20_Training_047,0.86382,0.88182,0.90836,0.92535,0.83717,0.95984,0.99922,0.99907,0.99892,1.0,10.86278,4.0
BraTS20_Training_048,0.75907,0.57131,0.87655,0.66144,0.40754,0.83704,0.99998,0.99994,0.99997,1.41421,11.0,1.73205
BraTS20_Training_049,0.85353,0.9029,0.83233,0.94874,0.9046,0.94957,0.99981,0.99906,0.99972,2.44949,2.23607,19.59719
BraTS20_Training_050,0.86124,0.92305,0.95854,0.92979,0.96455,0.9656,0.99916,0.99883,0.99962,1.0,3.60555,1.41421
BraTS20_Training_051,0.8893,0.90055,0.94192,0.88951,0.98422,0.92247,0.99984,0.99722,0.99993,1.41421,3.0,1.41421
BraTS20_Training_052,0.83295,0.8644,0.91737,0.82344,0.98174,0.88393,0.99981,0.9985,0.99992,1.41421,3.60555,2.23607
BraTS20_Training_053,0.84298,0.94418,0.81102,0.86016,0.97029,0.76777,0.99982,0.99855,0.9997,1.41421,2.23607,11.53689
BraTS20_Training_054,0.9013,0.91768,0.934,0.93986,0.90173,0.96353,0.99949,0.99942,0.99958,1.41421,2.44949,2.0
BraTS20_Training_055,0.81817,0.91772,0.79652,0.95873,0.97633,0.9402,0.99963,0.99796,0.99928,5.38516,3.60555,12.32476
BraTS20_Training_056,0.81952,0.84213,0.86637,0.81101,0.80321,0.84788,0.99952,0.99935,0.99958,3.60555,4.12311,4.89898
BraTS20_Training_057,0.8595,0.91668,0.74983,0.91408,0.95419,0.93266,0.99979,0.99868,0.99927,1.41421,21.9545,49.73932
BraTS20_Training_058,0.57305,0.7249,0.71815,0.50462,0.58431,0.8285,0.99981,0.99971,0.99908,9.27362,10.0,22.2935
BraTS20_Training_059,0.71125,0.77635,0.3909,0.98464,0.74682,0.97395,0.9999,0.99948,0.9993,5.38516,7.0,18.38478
BraTS20_Training_060,0.8398,0.92242,0.95042,0.87151,0.95062,0.97356,0.99963,0.99891,0.99971,1.0,4.0,1.41421
BraTS20_Training_061,0.75534,0.81101,0.81723,0.89896,0.93682,0.94213,0.99965,0.99912,0.99945,2.23607,23.43075,30.31006
BraTS20_Training_062,0.87625,0.90513,0.95165,0.99522,0.99035,0.99611,0.99906,0.9968,0.99945,1.41421,3.31662,1.41421
BraTS20_Training_063,0.77182,0.84789,0.74584,0.73284,0.83268,0.81036,0.99996,0.9998,0.99988,2.0,3.0,4.58258
BraTS20_Training_064,0.77606,0.82511,0.91374,0.74407,0.88894,0.86819,0.99931,0.99712,0.99971,2.0,14.45683,4.0
BraTS20_Training_065,0.8718,0.73746,0.48045,0.95512,0.94142,0.95264,0.99992,0.99829,0.99913,1.0,9.84631,24.75884
BraTS20_Training_066,0.8154,0.89835,0.8772,0.84062,0.95509,0.9044,0.99978,0.99886,0.99973,1.41421,4.69042,5.0
BraTS20_Training_067,0.90156,0.94384,0.95453,0.96952,0.94382,0.96533,0.99937,0.99917,0.99971,1.41421,2.0,1.41421
BraTS20_Training_068,0.83308,0.91001,0.88351,0.90455,0.95975,0.89452,0.99958,0.99893,0.9995,1.41421,4.0,4.12311
BraTS20_Training_069,0.83234,0.83101,0.9134,0.9199,0.79827,0.9519,0.99949,0.99776,0.99948,1.0,5.09902,33.99411
BraTS20_Training_070,0.73658,0.89138,0.86568,0.85568,0.91069,0.9126,0.99933,0.99914,0.99922,1.73205,49.04539,54.62142
BraTS20_Training_071,0.82254,0.90135,0.39699,0.75316,0.98137,0.92927,0.99989,0.99655,0.99412,5.91608,10.04988,21.23676
BraTS20_Training_072,0.88227,0.78244,0.88103,0.89316,0.89797,0.92825,0.99944,0.99599,0.99902,2.23607,6.7082,10.48809
BraTS20_Training_073,0.8444,0.90563,0.94409,0.85962,0.91467,0.93455,0.99981,0.99947,0.99991,1.0,3.0,1.41421
BraTS20_Training_074,0.66501,0.85637,0.81576,0.54112,0.79696,0.71691,0.99978,0.99944,0.99982,3.31662,5.38516,5.91608
BraTS20_Training_075,0.80395,0.95135,0.94565,0.7967,0.93332,0.94279,0.99926,0.99939,0.99933,1.41421,3.0,3.0
BraTS20_Training_076,0.76608,0.88117,0.8652,0.87862,0.94733,0.82004,0.99951,0.99904,0.99984,2.0,3.60555,3.0
BraTS20_Training_077,0.85898,0.87029,0.86907,0.95816,0.95118,0.97281,0.99976,0.99867,0.99965,1.73205,4.24264,17.01175
BraTS20_Training_078,0.78393,0.836,0.76938,0.97524,0.85088,0.94355,0.99975,0.99918,0.99959,2.44949,3.60555,18.26472
BraTS20_Training_079,0.64455,0.71793,0.82541,0.93197,0.56266,0.75977,0.99984,1.0,0.99997,3.60555,4.47214,2.0
BraTS20_Training_080,0.84664,0.85775,0.68251,0.90386,0.96063,0.9018,0.99983,0.99863,0.99912,2.23607,4.3589,22.0159
BraTS20_Training_081,0.81964,0.93004,0.92745,0.78734,0.94878,0.93631,0.99987,0.99968,0.99984,1.41421,2.23607,2.0
BraTS20_Training_082,0.85238,0.6594,0.79182,0.86653,0.83566,0.92534,0.99992,0.99921,0.99971,1.0,24.91987,33.59165
BraTS20_Training_083,0.88842,0.876,0.7187,0.90428,0.98192,0.94279,0.99989,0.99784,0.99919,1.0,3.31662,18.46618
BraTS20_Training_084,0.80214,0.9255,0.90747,0.98458,0.94978,0.96949,0.99908,0.99934,0.99948,2.44949,3.16228,3.9225
BraTS20_Training_085,0.69401,0.88213,0.81079,0.9534,0.88162,0.88135,0.99967,0.99952,0.99974,3.31662,3.0,7.28011
BraTS20_Training_086,0.43956,0.61878,0.17423,0.56604,0.46612,0.12656,0.99999,0.99991,0.99998,82.57982,9.79796,81.85959
BraTS20_Training_087,0.35419,0.72919,0.82494,0.65517,0.57983,0.89596,0.99991,0.99997,0.99977,10.77033,7.0,2.82843
BraTS20_Training_088,0.8453,0.8088,0.90014,0.77253,0.73012,0.86747,0.99994,0.99974,0.99992,1.41421,5.0,2.0
BraTS20_Training_089,0.96904,0.8965,0.53698,0.95603,0.90215,0.97004,0.99996,0.99836,0.99655,1.0,3.16228,29.22328
BraTS20_Training_090,0.90248,0.87329,0.94807,0.97747,0.95695,0.98997,0.99977,0.99915,0.99977,1.0,7.07107,2.23607
BraTS20_Training_091,0.94273,0.90799,0.82219,0.91819,0.88019,0.93801,0.99992,0.999,0.99886,1.0,4.69042,11.88275
BraTS20_Training_092,0.9329,0.90704,0.94158,0.94913,0.91406,0.96443,0.99968,0.99933,0.99959,1.0,2.82843,1.73205
BraTS20_Training_093,0.93595,0.92046,0.91625,0.94449,0.98602,0.94984,0.9998,0.99825,0.99956,1.41421,2.82843,9.0
BraTS20_Training_094,0.88063,0.90413,0.83339,0.97295,0.89972,0.98996,0.99997,0.99978,0.99995,1.0,11.70896,34.08372
BraTS20_Training_095,0.8843,0.94654,0.86022,0.9724,0.9805,0.94604,0.99953,0.99893,0.99905,1.41421,1.73205,4.58258
BraTS20_Training_096,0.88153,0.93756,0.9295,0.97266,0.97551,0.98018,0.99944,0.99922,0.99956,1.41421,2.0,2.23607
BraTS20_Training_097,0.90234,0.93501,0.95378,0.88208,0.94842,0.93817,0.9997,0.99928,0.9998,1.0,2.23607,2.0
BraTS20_Training_098,0.90983,0.95427,0.84276,0.97878,0.99443,0.95766,0.99957,0.99853,0.99868,1.0,2.0,15.0333
BraTS20_Training_099,0.73996,0.74586,0.39774,0.96769,0.85412,0.96769,0.99991,0.99963,0.9996,13.12238,3.61916,19.51922
BraTS20_Training_100,0.8869,0.93619,0.9481,0.88316,0.97653,0.94723,0.99963,0.99831,0.99956,1.41421,2.23607,2.23607
BraTS20_Training_101,0.8785,0.88494,0.85745,0.90048,0.92889,0.92089,0.99977,0.99862,0.99952,1.41421,3.31662,4.88855
BraTS20_Training_102,0.83724,0.87471,0.90857,0.81797,0.88282,0.92585,0.99989,0.99963,0.99981,2.0,3.4641,2.82843
BraTS20_Training_103,0.91458,0.9144,0.94792,0.91336,0.90446,0.96254,0.99965,0.99952,0.99961,1.41421,5.47723,2.0
BraTS20_Training_104,0.94156,0.9483,0.9453,0.96556,0.98202,0.98323,0.99966,0.99827,0.99936,1.0,1.73205,9.69536
BraTS20_Training_105,0.90562,0.86311,0.83138,0.99418,0.91829,0.98118,0.99987,0.99941,0.99966,1.41421,3.0,6.63325
BraTS20_Training_106,0.92043,0.92396,0.93752,0.8929,0.91993,0.94282,0.99978,0.99912,0.99955,1.0,3.0,2.23607
BraTS20_Training_107,0.92989,0.89483,0.78535,0.97998,0.93367,0.98599,0.99986,0.99941,0.9994,1.41421,3.0,9.21954
BraTS20_Training_108,0.96718,0.89762,0.93118,0.9867,0.93226,0.9894,0.99995,0.99971,0.99987,1.73205,2.23607,3.31662
BraTS20_Training_109,0.93138,0.9028,0.88106,0.94591,0.88938,0.96025,0.99979,0.99908,0.99931,1.41421,5.47723,27.30018
BraTS20_Training_110,0.41856,0.39476,0.4111,0.26467,0.25003,0.25891,1.0,0.99997,1.0,4.24264,16.03122,4.3589
BraTS20_Training_111,0.90004,0.89212,0.92126,0.9165,0.96068,0.94705,0.99976,0.99906,0.99968,1.0,5.09902,4.24264
BraTS20_Training_112,0.95763,0.94792,0.9475,0.95111,0.97605,0.97689,0.99981,0.99838,0.99934,1.0,1.73205,11.7047
BraTS20_Training_113,0.80225,0.93846,0.61529,0.88756,0.99776,0.84599,0.99985,0.99816,0.99933,9.8995,9.05539,17.69322
BraTS20_Training_114,0.92522,0.93303,0.95679,0.94313,0.93413,0.97866,0.99974,0.9992,0.99961,1.0,5.47723,2.82843
BraTS20_Training_115,0.95268,0.93783,0.96974,0.97317,0.97257,0.98018,0.99989,0.99896,0.99991,1.0,2.0,1.41421
BraTS20_Training_116,0.91819,0.93568,0.96648,0.95484,0.97966,0.96807,0.99971,0.99887,0.99985,1.0,2.0,1.41421
BraTS20_Training_117,0.91234,0.93355,0.88084,0.98258,0.9737,0.98567,0.99981,0.99901,0.99964,1.73205,2.23607,13.49074
BraTS20_Training_118,0.92919,0.93124,0.9533,0.9672,0.9686,0.96989,0.9999,0.99934,0.99992,1.0,3.0,1.41421
BraTS20_Training_119,0.88382,0.79654,0.70922,0.93171,0.79404,0.97637,0.99991,0.99928,0.99932,1.0,4.12311,54.87759
BraTS20_Training_120,0.89695,0.92806,0.92888,0.90482,0.99302,0.98482,0.99975,0.99794,0.9992,1.0,43.56375,53.32823
BraTS20_Training_121,0.9249,0.95665,0.9373,0.99645,0.98791,0.99865,0.9997,0.99872,0.99951,1.0,1.41421,22.93469
BraTS20_Training_122,0.9123,0.91528,0.75331,0.94351,0.92367,0.9577,0.99995,0.99982,0.99963,1.0,2.0,12.72792
BraTS20_Training_123,0.88267,0.93141,0.87714,0.94059,0.98804,0.97461,0.99945,0.99791,0.99896,1.41421,4.12311,11.31371
BraTS20_Training_124,0.91124,0.95852,0.93081,0.90351,0.97676,0.95275,0.99962,0.99877,0.99914,1.0,2.23607,5.47723
BraTS20_Training_125,0.94144,0.95289,0.92528,0.96501,0.97869,0.98561,0.9997,0.9987,0.99942,1.41421,2.0,2.82843
BraTS20_Training_126,0.89319,0.88191,0.91172,0.93295,0.95732,0.94328,0.99972,0.99909,0.99972,2.23607,3.60555,3.31662
BraTS20_Training_127,0.94674,0.91384,0.93118,0.9884,0.96392,0.99041,0.99993,0.99929,0.9999,1.0,2.82843,1.60492
BraTS20_Training_128,0.35618,0.83925,0.3381,0.21787,0.74361,0.20417,1.0,0.99989,1.0,9.53939,4.3589,9.71838
BraTS20_Training_129,0.80743,0.87303,0.64532,0.88939,0.9747,0.91368,0.99975,0.99827,0.99912,2.23607,3.0,6.32456
BraTS20_Training_130,0.82867,0.8432,0.92878,0.7819,0.97684,0.92532,0.99963,0.99569,0.99956,1.73205,5.38516,2.82843
BraTS20_Training_131,0.88376,0.89427,0.73482,0.89403,0.97736,0.86831,0.99988,0.99852,0.99948,2.0,3.16228,10.63015
BraTS20_Training_132,0.89365,0.90119,0.71044,0.96249,0.90504,0.9147,0.99954,0.99794,0.9981,3.0,8.06226,27.93385
BraTS20_Training_133,0.8425,0.9427,0.90096,0.76639,0.94791,0.96717,0.99989,0.99914,0.99847,2.0,2.44949,6.08276
BraTS20_Training_134,0.71148,0.86622,0.87019,0.63096,0.81468,0.84067,0.99971,0.9994,0.99953,7.54983,11.57584,9.16515
BraTS20_Training_135,0.88244,0.91596,0.8302,0.92561,0.92081,0.9767,0.99916,0.99776,0.99542,2.23607,4.12311,14.07125
BraTS20_Training_136,0.83427,0.84603,0.87756,0.8676,0.91047,0.9228,0.99948,0.99833,0.99947,2.44949,4.12311,3.74166
BraTS20_Training_137,0.89943,0.93134,0.88625,0.92028,0.95118,0.97315,0.99948,0.99804,0.99855,1.41421,2.82843,13.41641
BraTS20_Training_138,0.9177,0.92468,0.86169,0.89071,0.96026,0.90899,0.99976,0.99718,0.99826,1.41421,3.60555,14.27931
BraTS20_Training_139,0.89198,0.82095,0.90722,0.87441,0.79582,0.89365,0.99996,0.99967,0.99996,1.41421,4.12311,1.41421
BraTS20_Training_140,0.90012,0.93647,0.94458,0.9304,0.9769,0.9752,0.9996,0.99829,0.99953,1.0,2.44949,2.0
BraTS20_Training_141,0.28371,0.83337,0.03785,0.1709,0.77863,0.0193,1.0,0.99978,1.0,6.7082,7.34847,10.48809
BraTS20_Training_142,0.92126,0.86636,0.94517,0.95789,0.88203,0.96933,0.99994,0.99978,0.99995,1.41421,7.0,1.0
BraTS20_Training_143,0.79662,0.95024,0.95083,0.69096,0.9518,0.95428,0.99964,0.99913,0.99925,2.0,2.23607,2.82843
BraTS20_Training_144,0.9457,0.92543,0.86316,0.96006,0.97577,0.96065,0.99952,0.99697,0.99782,1.41421,3.0,16.03122
BraTS20_Training_145,0.78657,0.90912,0.85414,0.7152,0.9132,0.87725,0.99976,0.9991,0.99936,2.44949,3.4641,9.88177
BraTS20_Training_146,0.77796,0.92168,0.90368,0.66434,0.92286,0.88928,0.99989,0.99909,0.9997,2.44949,2.23607,2.82843
BraTS20_Training_147,0.28248,0.94174,0.80946,0.16532,0.94817,0.89885,0.99999,0.99896,0.99762,9.84886,3.0,10.0
BraTS20_Training_148,0.73056,0.86211,0.7461,0.67606,0.79134,0.68053,0.99961,0.99924,0.99941,4.0,6.40312,5.09902
BraTS20_Training_149,0.87153,0.92255,0.80684,0.87132,0.91102,0.93122,0.99903,0.9981,0.99504,1.73205,3.60555,14.45683
BraTS20_Training_150,0.90935,0.92626,0.83668,0.93862,0.94229,0.93768,0.99934,0.99843,0.99822,3.0,3.0,13.34166
BraTS20_Training_151,0.91079,0.939,0.91694,0.96895,0.92678,0.97916,0.99932,0.9992,0.99888,1.41421,2.23607,4.12311
BraTS20_Training_152,0.93857,0.96693,0.93195,0.96237,0.96457,0.97504,0.99969,0.99934,0.99938,1.0,1.41421,13.45362
BraTS20_Training_153,0.95875,0.94046,0.8881,0.99502,0.99183,0.99459,0.99989,0.9983,0.99963,1.0,2.0,29.42788
BraTS20_Training_154,0.83625,0.90239,0.93286,0.73383,0.85487,0.89328,0.99992,0.99958,0.99985,2.0,3.60555,2.82843
BraTS20_Training_155,0.93207,0.94294,0.93924,0.88827,0.97448,0.9327,0.99994,0.99848,0.99975,1.0,1.73205,5.09902
BraTS20_Training_156,0.92637,0.94179,0.82937,0.88302,0.9483,0.94244,0.99993,0.9991,0.99823,1.41421,2.82843,19.82423
BraTS20_Training_157,0.9022,0.88919,0.9118,0.86496,0.82189,0.88454,0.99975,0.99972,0.99969,2.44949,3.4641,3.0
BraTS20_Training_158,0.12261,0.71824,0.26863,0.06558,0.57024,0.30743,1.0,0.99992,0.99978,6.40312,9.0,8.12404
BraTS20_Training_159,0.37861,0.80016,0.40136,0.28404,0.67791,0.25106,0.99989,0.99996,1.0,5.83095,15.29706,6.49224
BraTS20_Training_160,0.60583,0.91453,0.89166,0.45285,0.87196,0.87056,0.99984,0.99949,0.99924,5.19615,10.81665,5.38516
BraTS20_Training_161,0.78585,0.94226,0.86005,0.72082,0.92742,0.79214,0.99985,0.99975,0.99989,4.0,2.0,5.65685
BraTS20_Training_162,0.91547,0.94525,0.9251,0.89802,0.93732,0.92914,0.99975,0.99944,0.99963,2.0,2.23607,3.16228
BraTS20_Training_163,0.72696,0.96818,0.89267,0.60036,0.94398,0.83197,0.99974,0.99989,0.99975,3.60555,1.41421,3.60555
BraTS20_Training_164,0.92305,0.82227,0.95397,0.94518,0.7096,0.9569,0.9995,0.99977,0.99969,1.41421,5.09902,1.73205
BraTS20_Training_165,0.89926,0.91777,0.90699,0.83394,0.97727,0.86144,0.99992,0.99751,0.99983,2.0,2.82843,3.0
BraTS20_Training_166,0.88902,0.94965,0.92247,0.81164,0.96204,0.87174,0.99992,0.99836,0.99987,2.23607,2.23607,3.0
BraTS20_Training_167,0.71524,0.90891,0.74884,0.63418,0.86988,0.64363,0.99973,0.9996,0.99978,15.26434,3.60555,12.50194
BraTS20_Training_168,0.86585,0.91106,0.928,0.81708,0.85929,0.87697,0.99941,0.9995,0.99985,2.44949,3.60555,2.82843
BraTS20_Training_169,0.90979,0.90547,0.94548,0.95316,0.95728,0.96885,0.99958,0.99901,0.99967,1.41421,5.65685,1.41421
BraTS20_Training_170,0.89766,0.96261,0.93247,0.98102,0.95241,0.95227,0.9997,0.9997,0.99975,1.0,1.41421,2.0
BraTS20_Training_171,0.76383,0.90744,0.86533,0.81592,0.85651,0.9593,0.99939,0.99948,0.99796,2.23607,6.16441,6.9282
BraTS20_Training_172,0.90277,0.89395,0.92007,0.91416,0.87615,0.93316,0.99989,0.99964,0.99987,1.41421,3.60555,2.82843
BraTS20_Training_173,0.87132,0.90946,0.83354,0.85906,0.8496,0.87222,0.99982,0.99971,0.99901,2.23607,3.16228,23.66854
BraTS20_Training_174,0.84026,0.92437,0.86229,0.7855,0.99521,0.81265,0.99976,0.99829,0.99977,4.12311,2.23607,5.74456
BraTS20_Training_175,0.88549,0.93486,0.90974,0.90049,0.91589,0.93072,0.99881,0.99907,0.99876,2.82843,3.0,4.0
BraTS20_Training_176,0.64771,0.95295,0.87214,0.99351,0.95433,0.97128,0.99954,0.99942,0.99865,3.60555,2.23607,5.09902
BraTS20_Training_177,0.1463,0.79094,0.12569,0.08775,0.70892,0.07333,0.99999,0.99988,0.99999,6.68197,4.12311,6.63325
BraTS20_Training_178,0.81734,0.95012,0.86464,0.70459,0.96607,0.76627,0.9999,0.99929,0.99996,3.31662,2.0,8.06226
BraTS20_Training_179,0.51696,0.92281,0.58634,0.35806,0.93798,0.42449,0.99989,0.99929,0.9999,7.34847,2.82843,8.60232
BraTS20_Training_180,0.86925,0.84389,0.91145,0.83618,0.91027,0.87931,0.99937,0.99542,0.99955,3.0,45.71652,3.4641
BraTS20_Training_181,0.94433,0.90895,0.88258,0.95691,0.90378,0.96627,0.99986,0.99936,0.99953,1.41421,2.23607,15.29706
BraTS20_Training_182,0.89468,0.88314,0.89171,0.90026,0.83449,0.92882,0.99988,0.99974,0.9998,1.41421,39.23582,54.67175
BraTS20_Training_183,0.93057,0.96294,0.93102,0.8972,0.96727,0.91902,0.99983,0.99911,0.99965,2.0,1.41421,4.12311
BraTS20_Training_184,0.91138,0.91036,0.89984,0.94354,0.95553,0.95998,0.99962,0.99799,0.99917,1.41421,3.31662,10.67708
BraTS20_Training_185,0.90539,0.92148,0.92513,0.97613,0.8855,0.96677,0.99937,0.99964,0.9993,1.0,3.31662,2.23607
BraTS20_Training_186,0.86852,0.89624,0.89637,0.7881,0.95691,0.83521,0.99985,0.99737,0.99981,3.0,3.74166,4.24264
BraTS20_Training_187,0.62498,0.91276,0.81411,0.48487,0.95805,0.69409,0.9997,0.99854,0.99993,4.58258,5.65685,7.23526
BraTS20_Training_188,0.63447,0.67413,0.73437,0.50628,0.55174,0.6154,0.99993,0.99935,0.99994,3.16228,9.69536,4.12311
BraTS20_Training_189,0.92264,0.94577,0.82216,0.87602,0.96141,0.90142,0.99994,0.99921,0.99907,2.0,2.23607,14.12441
BraTS20_Training_190,0.85545,0.87486,0.84809,0.92599,0.84256,0.9158,0.99974,0.99957,0.99972,3.0,4.24264,3.0
BraTS20_Training_191,0.93025,0.93829,0.94224,0.96736,0.95822,0.96298,0.99888,0.99855,0.99905,1.41421,3.0,2.23607
BraTS20_Training_192,0.83677,0.96651,0.94369,0.73343,0.98994,0.89754,0.99996,0.99927,0.99998,1.41421,1.41421,2.0
BraTS20_Training_193,0.90098,0.92582,0.9458,0.90533,0.95858,0.92023,0.99965,0.99834,0.99984,1.0,40.69644,1.73205
BraTS20_Training_194,0.90109,0.94013,0.96309,0.83584,0.95367,0.94657,0.99992,0.99915,0.99983,1.0,3.0,1.41421
BraTS20_Training_195,0.75157,0.87614,0.87621,0.61707,0.80611,0.80844,0.99994,0.99981,0.99987,4.3589,5.0,6.0
BraTS20_Training_196,0.62463,0.93835,0.74585,0.4619,0.90361,0.60662,0.99993,0.99957,0.9999,9.0,2.82843,9.8995
BraTS20_Training_197,0.87048,0.93724,0.90214,0.81048,0.97902,0.86059,0.99968,0.99835,0.99961,3.0,3.60555,4.0
BraTS20_Training_198,0.72102,0.94505,0.86066,0.59718,0.95472,0.77865,0.9998,0.9992,0.99981,4.12311,3.0,5.0
BraTS20_Training_199,0.88952,0.92692,0.90398,0.81808,0.99406,0.83936,0.99992,0.9986,0.99993,2.44949,3.0,3.16228
BraTS20_Training_200,0.85891,0.89508,0.71593,0.81141,0.98489,0.82054,0.99996,0.99891,0.99975,2.23607,4.58258,42.49706
BraTS20_Training_201,0.79981,0.9653,0.87665,0.66704,0.9479,0.79512,1.0,0.99968,0.99991,3.31662,1.41421,6.40312
BraTS20_Training_202,0.92737,0.94265,0.89332,0.88343,0.93798,0.93377,0.99993,0.99943,0.99918,1.0,2.23607,5.09902
BraTS20_Training_203,0.87968,0.87737,0.88831,0.92722,0.82675,0.92968,0.99981,0.99941,0.99976,2.23607,31.45234,8.18535
BraTS20_Training_204,0.85962,0.74994,0.87749,0.80187,0.61678,0.82174,0.99994,0.99994,0.99995,3.16228,5.0,2.44949
BraTS20_Training_205,0.91741,0.88051,0.8266,0.86461,0.88174,0.88373,0.99999,0.99958,0.99986,1.0,3.16228,9.64365
BraTS20_Training_206,0.89148,0.84202,0.76198,0.89874,0.80018,0.90305,0.99993,0.99974,0.99972,3.74166,3.16228,20.04994
BraTS20_Training_207,0.68729,0.84882,0.73688,0.57931,0.7722,0.63827,0.9997,0.99968,0.99971,7.07107,7.28011,7.0
BraTS20_Training_208,0.87879,0.93023,0.91501,0.97159,0.92816,0.96566,0.99902,0.99872,0.9989,1.73205,3.0,3.0
BraTS20_Training_209,0.86968,0.90609,0.94375,0.90816,0.92105,0.97359,0.99961,0.99919,0.99955,1.41421,3.0,2.0
BraTS20_Training_210,0.71352,0.93026,0.78922,0.59019,0.97478,0.69094,0.99966,0.99757,0.99957,5.38516,3.0,9.27362
BraTS20_Training_211,0.89195,0.89599,0.92464,0.93586,0.91042,0.98203,0.99966,0.9989,0.99951,1.41421,3.0,4.70084
BraTS20_Training_212,0.69207,0.91562,0.8531,0.84952,0.89669,0.93164,0.9981,0.99869,0.99714,3.0,6.40312,5.38516
BraTS20_Training_213,0.89531,0.883,0.89727,0.97949,0.82711,0.95533,0.99965,0.9997,0.99962,1.41421,7.0,3.74166
BraTS20_Training_214,0.91256,0.91455,0.89038,0.91094,0.98948,0.92883,0.99972,0.99782,0.9994,2.23607,3.0,7.07107
BraTS20_Training_215,0.88096,0.8595,0.87369,0.83892,0.98178,0.89323,0.99981,0.99772,0.99939,1.41421,4.3589,8.48528
BraTS20_Training_216,0.73232,0.93602,0.88139,0.80207,0.9262,0.94771,0.99925,0.99964,0.99911,2.23607,3.16228,2.82843
BraTS20_Training_217,0.90136,0.88243,0.86106,0.92125,0.85385,0.92659,0.99988,0.9998,0.9997,1.0,3.0,3.31662
BraTS20_Training_218,0.84921,0.92667,0.92546,0.96155,0.9511,0.98759,0.99791,0.99872,0.99863,2.23607,25.80698,2.82843
BraTS20_Training_219,0.90125,0.88245,0.89368,0.93021,0.82717,0.98473,0.99979,0.99958,0.99947,1.0,10.81665,4.12311
BraTS20_Training_220,0.70358,0.83183,0.81582,0.56161,0.73364,0.72882,0.99993,0.9996,0.99982,5.0,6.0,4.58258
BraTS20_Training_221,0.90982,0.95985,0.87042,0.85819,0.96733,0.891,0.99978,0.99911,0.99848,2.0,2.23607,6.40312
BraTS20_Training_222,0.88335,0.88387,0.81945,0.80706,0.96228,0.83122,0.99998,0.99926,0.99976,2.44949,18.20432,3.60555
BraTS20_Training_223,0.94787,0.94699,0.94355,0.97575,0.99564,0.98169,0.99971,0.99805,0.99963,1.41421,2.0,2.23607
BraTS20_Training_224,0.84503,0.94577,0.93662,0.74216,0.98036,0.90749,0.9999,0.99844,0.99968,2.23607,2.0,2.23607
BraTS20_Training_225,0.87518,0.94883,0.93635,0.79445,0.97277,0.91066,0.99973,0.99816,0.99953,3.31662,3.0,4.0
BraTS20_Training_226,0.91039,0.94168,0.94062,0.93362,0.94756,0.95334,0.99946,0.99949,0.9996,2.23607,3.0,2.23607
BraTS20_Training_227,0.73068,0.68574,0.68208,0.58715,0.53422,0.58107,0.99999,0.99986,0.99992,4.24264,10.44031,5.74456
BraTS20_Training_228,0.79972,0.86669,0.86556,0.72557,0.81841,0.79596,0.99989,0.99942,0.99993,2.82843,7.0,3.74166
BraTS20_Training_229,0.90385,0.92473,0.88573,0.91835,0.96927,0.91755,0.99962,0.99892,0.99938,2.23607,3.16228,4.95959
BraTS20_Training_230,0.97572,0.92755,0.93996,0.98781,0.99515,0.96904,0.99994,0.99845,0.99984,1.0,2.23607,12.0416
BraTS20_Training_231,0.8802,0.95703,0.89452,0.79449,0.98587,0.8364,0.99995,0.99888,0.99983,4.12311,2.0,4.89898
BraTS20_Training_232,0.52941,0.81306,0.6207,0.38517,0.68925,0.51396,0.99992,0.99994,0.99973,9.68502,7.34847,11.35782
BraTS20_Training_233,0.7905,0.82732,0.75072,0.96328,0.71603,0.96299,0.99986,0.99997,0.99982,2.82843,4.0,15.60123
BraTS20_Training_234,0.64406,0.90821,0.91208,0.47666,0.88554,0.93579,1.0,0.99884,0.99855,13.0767,8.06226,8.48528
BraTS20_Training_235,0.87755,0.95389,0.94196,0.81165,0.9263,0.92338,0.99972,0.99964,0.99951,2.0,2.82843,3.74166
BraTS20_Training_236,0.08419,0.78372,0.11807,0.04408,0.65565,0.06368,0.99998,0.99966,0.9999,20.86983,7.0,20.04994
BraTS20_Training_237,0.83049,0.94467,0.76586,0.8784,0.94761,0.83881,0.99955,0.99891,0.99895,2.44949,4.12311,11.18034
BraTS20_Training_238,0.72665,0.8642,0.95514,0.86253,0.76238,0.95902,0.99776,0.99996,0.99935,6.0,10.86278,2.23607
BraTS20_Training_239,0.75166,0.89045,0.77928,0.80155,0.86166,0.74898,0.99973,0.99938,0.99965,3.0,9.05539,8.12404
BraTS20_Training_240,0.7045,0.93109,0.73917,0.82285,0.87516,0.90284,0.99966,0.99991,0.99772,5.91608,3.0,20.63977
BraTS20_Training_241,0.83271,0.95111,0.88795,0.81984,0.96683,0.86746,0.99919,0.99827,0.99931,3.16228,2.44949,4.69042
BraTS20_Training_242,0.86222,0.89418,0.9135,0.88034,0.95102,0.89105,0.9995,0.99891,0.99976,2.23607,4.12311,3.16228
BraTS20_Training_243,0.79613,0.93515,0.8416,0.73029,0.9399,0.81105,0.99983,0.99877,0.99973,33.12099,2.23607,26.92582
BraTS20_Training_244,0.69534,0.95049,0.91235,0.61213,0.95363,0.89369,0.99955,0.9991,0.99954,3.4641,2.0,4.58258
BraTS20_Training_245,0.48034,0.94248,0.73836,0.34037,0.9128,0.59947,0.9994,0.99957,0.99979,6.63325,3.16228,8.60232
BraTS20_Training_246,0.87407,0.9266,0.91314,0.88375,0.90598,0.8772,0.99959,0.9996,0.99976,2.23607,3.60555,2.82843
BraTS20_Training_247,0.88443,0.88915,0.9181,0.85483,0.83644,0.89166,0.99954,0.99929,0.99952,1.73205,5.74456,3.4641
BraTS20_Training_248,0.67943,0.93711,0.88269,0.55224,0.9252,0.80424,0.9997,0.99951,0.99987,4.58258,2.82843,4.0
BraTS20_Training_249,0.89426,0.8844,0.87663,0.82604,0.84695,0.79126,0.99995,0.99955,0.99997,4.12311,7.81025,4.0
BraTS20_Training_250,0.53363,0.8573,0.26252,0.3698,0.81576,0.3951,0.99999,0.99927,0.99941,14.21267,5.0,20.09975
BraTS20_Training_251,0.92454,0.95823,0.74187,0.89918,0.96422,0.90215,0.99991,0.99955,0.99876,1.41421,2.0,10.63015
BraTS20_Training_252,0.87834,0.95842,0.77353,0.82322,0.94616,0.94973,0.99974,0.99934,0.9958,1.41421,2.82843,18.13836
BraTS20_Training_253,0.75089,0.93748,0.91649,0.91911,0.93273,0.92828,0.99913,0.99972,0.99971,2.82843,2.23607,2.23607
BraTS20_Training_254,0.91264,0.95127,0.88916,0.85957,0.94432,0.92542,0.99984,0.99927,0.99881,2.0,2.0,6.32456
BraTS20_Training_255,0.87668,0.95887,0.93861,0.88364,0.98197,0.98405,0.99881,0.99876,0.99864,2.44949,1.73205,2.82843
BraTS20_Training_256,0.81943,0.92332,0.88898,0.75666,0.89255,0.88424,0.99921,0.9992,0.99849,4.47214,4.58258,5.38516
BraTS20_Training_257,0.9249,0.95492,0.85361,0.93074,0.96844,0.8981,0.9999,0.99944,0.99971,2.23607,2.0,6.7082
BraTS20_Training_258,0.89063,0.93432,0.87309,0.94596,0.96144,0.94543,0.99947,0.99865,0.99841,1.41421,3.16228,6.16441
BraTS20_Training_259,0.77828,0.95749,0.36909,0.69837,0.9454,0.88834,0.99988,0.9996,0.99555,3.60555,2.23607,20.73403
BraTS20_Training_260,0.89571,0.87576,0.85382,0.91387,0.82231,0.7959,0.99975,0.99969,0.9997,2.44949,3.60555,3.60555
BraTS20_Training_261,0.76664,0.94717,0.84519,0.75508,0.95403,0.92172,0.99977,0.99827,0.99704,2.0,3.16228,6.48074
BraTS20_Training_262,0.0,0.89324,0.35425,0.0,0.9452,0.21876,0.99999,0.99876,0.99999,373.12866,3.0,10.44031
BraTS20_Training_263,0.0,0.83522,0.10213,0.0,0.88114,0.05549,0.99998,0.99922,0.99998,373.12866,4.24264,9.11043
BraTS20_Training_264,0.0,0.89106,0.86395,0.0,0.94915,0.94197,1.0,0.99948,0.99955,373.12866,3.31662,5.0
BraTS20_Training_265,0.0,0.89823,0.93573,0.0,0.97172,0.97705,1.0,0.99866,0.99946,373.12866,3.74166,2.23607
BraTS20_Training_266,0.0,0.93233,0.78234,0.0,0.89538,0.66947,1.0,0.99985,0.99986,373.12866,2.23607,5.91608
BraTS20_Training_267,0.91266,0.81441,0.65496,0.93246,0.71959,0.51732,0.99994,0.99957,0.99961,1.0,5.09902,7.0
BraTS20_Training_268,1.0,0.85277,0.75901,1.0,0.81805,0.66374,1.0,0.99979,0.99991,0.0,3.20858,5.0
BraTS20_Training_269,0.0,0.89167,0.81338,0.0,0.93657,0.8207,0.99999,0.99935,0.99955,373.12866,3.0,4.0
BraTS20_Training_270,0.93688,0.93816,0.95005,0.96825,0.92692,0.97219,0.99933,0.99917,0.99943,1.41421,2.23607,2.0
BraTS20_Training_271,0.09362,0.93156,0.91303,0.04911,0.95212,0.91496,1.0,0.99947,0.99976,15.76386,3.16228,2.23607
BraTS20_Training_272,0.0,0.95671,0.87529,0.0,0.93408,0.80952,0.99999,0.99958,0.99965,373.12866,2.23607,4.89898
BraTS20_Training_273,0.62927,0.9068,0.88187,0.9232,0.85804,0.84233,0.99986,0.99909,0.99914,16.16166,8.60232,4.69042
BraTS20_Training_274,0.90463,0.92314,0.90555,0.91053,0.89504,0.8546,0.99896,0.99904,0.99931,2.0,5.0,5.38516
BraTS20_Training_275,1.0,0.42546,0.03071,1.0,0.27798,0.0162,1.0,0.99989,0.99995,0.0,16.15549,24.91987
BraTS20_Training_276,0.80696,0.90111,0.84795,0.98214,0.85212,0.88935,0.99987,0.99975,0.9999,1.73205,6.63325,2.23607
BraTS20_Training_277,0.90635,0.66938,0.78459,0.90294,0.53317,0.90117,0.99998,0.9998,0.99987,1.0,14.03567,7.34847
BraTS20_Training_278,1.0,0.87965,0.36084,1.0,0.9174,0.22203,1.0,0.99794,0.99994,0.0,5.19615,23.83168
BraTS20_Training_279,0.0,0.95752,0.94519,0.0,0.93213,0.91762,0.99999,0.99972,0.99963,373.12866,3.0,3.31662
BraTS20_Training_280,0.83051,0.93998,0.72998,0.85094,0.9411,0.80024,0.99998,0.99973,0.99996,2.23607,3.0,5.09902
BraTS20_Training_281,1.0,0.92575,0.7132,1.0,0.89346,0.5893,1.0,0.9994,0.99985,0.0,3.0,6.40312
BraTS20_Training_282,0.87357,0.91133,0.7529,0.92894,0.98488,0.64557,0.99985,0.9983,0.9999,1.73205,4.3589,5.19615
BraTS20_Training_283,0.8508,0.92926,0.83691,0.82021,0.94474,0.82175,0.99986,0.99954,0.99982,2.82843,2.23607,3.16228
BraTS20_Training_284,0.70605,0.93276,0.94503,0.61061,0.88024,0.91876,0.99995,0.99984,0.99959,13.45362,5.65685,3.74166
BraTS20_Training_285,0.84175,0.9551,0.93411,0.7696,0.94521,0.93995,0.99995,0.99956,0.99933,1.73205,3.31662,3.0
BraTS20_Training_286,0.0,0.78512,0.78802,0.0,0.64918,0.65283,1.0,0.99999,0.99999,373.12866,10.72613,5.09902
BraTS20_Training_287,0.95457,0.96154,0.92691,0.96567,0.96501,0.94155,0.99982,0.99977,0.9997,1.41421,1.41421,2.44949
BraTS20_Training_288,0.89214,0.93131,0.76767,0.87267,0.94138,0.83545,0.99983,0.9993,0.99857,1.41421,4.24264,7.07107
BraTS20_Training_289,0.0,0.95807,0.82399,0.0,0.98149,0.73852,1.0,0.99852,0.99974,373.12866,1.73205,5.38516
BraTS20_Training_290,0.88957,0.88785,0.80912,0.88445,0.88677,0.69641,0.99995,0.9972,0.99998,2.23607,5.09902,3.16228
BraTS20_Training_291,0.35106,0.95189,0.83386,0.2619,0.91204,0.81186,1.0,0.99989,0.99913,21.41845,2.23607,4.47214
BraTS20_Training_292,0.72259,0.93129,0.89776,0.64692,0.92333,0.94789,0.99994,0.99948,0.99901,11.70256,3.0,3.0
BraTS20_Training_293,0.90433,0.90511,0.79371,0.92644,0.87332,0.74251,0.99946,0.99805,0.99826,2.0,5.47723,8.60232
BraTS20_Training_294,1.0,0.9312,0.801,1.0,0.92271,0.74601,1.0,0.99945,0.99953,0.0,2.82843,5.0
BraTS20_Training_295,0.03781,0.88258,0.80906,0.01931,0.9588,0.88104,1.0,0.99939,0.99964,15.27579,3.0,3.16228
BraTS20_Training_296,0.7514,0.96602,0.90039,0.78738,0.98808,0.86935,0.99941,0.99894,0.99938,3.0,2.0,3.60555
BraTS20_Training_297,0.0,0.71033,0.83135,0.0,0.5645,0.78637,1.0,0.99979,0.99971,373.12866,11.22497,4.69042
BraTS20_Training_298,0.41048,0.83023,0.41318,0.5,0.75266,0.26842,0.99999,0.99969,0.99995,11.43289,6.08276,9.11043
BraTS20_Training_299,0.86533,0.93473,0.91765,0.91654,0.89559,0.8611,0.99998,0.99974,0.99985,1.0,8.06226,7.34847
BraTS20_Training_300,0.86453,0.89648,0.74834,0.96735,0.83724,0.60757,0.99997,0.99967,0.99988,1.0,5.38516,7.68115
BraTS20_Training_301,0.69462,0.90158,0.72215,0.84689,0.88379,0.9272,0.99974,0.99848,0.99585,4.47214,5.38516,13.67479
BraTS20_Training_302,0.80844,0.83058,0.73378,0.97502,0.71071,0.58095,0.99989,0.99999,0.99997,1.73205,7.68115,10.19804
BraTS20_Training_303,0.75374,0.78746,0.66989,0.79985,0.70511,0.61064,0.99995,0.99965,0.9994,5.56704,12.52996,13.0384
BraTS20_Training_304,1.0,0.88022,0.63182,1.0,0.85765,0.47619,1.0,0.99968,0.9999,0.0,3.16228,9.43398
BraTS20_Training_305,0.0,0.77754,0.79554,0.0,0.64248,0.7276,0.99998,0.99986,0.99918,373.12866,9.43398,7.34847
BraTS20_Training_306,0.0,0.86992,0.57221,0.0,0.7823,0.41966,0.99997,0.99966,0.99948,373.12866,11.04536,21.24853
BraTS20_Training_307,0.0,0.91612,0.89541,0.0,0.85629,0.86164,0.99999,0.99978,0.99933,19.83608,7.07107,4.12311
BraTS20_Training_308,0.74294,0.91912,0.73998,0.96308,0.87144,0.59339,0.9995,0.99942,0.99982,3.4641,5.83095,14.45683
BraTS20_Training_309,0.59747,0.84953,0.7898,0.68016,0.74304,0.66154,0.99987,0.99989,0.99984,18.0,7.28011,7.14143
BraTS20_Training_310,0.0,0.92343,0.82781,0.0,0.86372,0.7344,0.99998,0.99986,0.99958,373.12866,5.09902,6.40312
BraTS20_Training_311,0.86447,0.84769,0.64007,0.87407,0.80767,0.8066,0.99999,0.99967,0.99939,1.0,5.09902,7.07107
BraTS20_Training_312,0.0,0.90695,0.6483,0.0,0.94142,0.54364,0.99995,0.99757,0.99902,373.12866,4.69042,15.09967
BraTS20_Training_313,0.72957,0.94206,0.90898,0.8443,0.99339,0.91994,0.99995,0.99774,0.99902,2.39613,3.60555,3.31662
BraTS20_Training_314,0.81335,0.80658,0.55105,0.98007,0.80026,0.9531,0.99986,0.99944,0.99941,6.16441,5.91608,6.7082
BraTS20_Training_315,0.90411,0.92962,0.89955,0.90826,0.97812,0.97312,1.0,0.99951,0.99952,1.0,79.56758,5.0
BraTS20_Training_316,0.52525,0.86239,0.6459,0.96151,0.79133,0.53266,0.9997,0.99883,0.99877,17.0,5.09902,8.30662
BraTS20_Training_317,0.80918,0.86872,0.78117,0.96626,0.81341,0.9206,0.99982,0.99986,0.99968,2.23607,3.16228,3.60555
BraTS20_Training_318,0.72691,0.95631,0.84692,0.77844,0.93372,0.76386,0.99992,0.99954,0.99927,2.23607,2.82843,8.3666
BraTS20_Training_319,0.0,0.95452,0.9211,0.0,0.96231,0.89569,0.99996,0.99928,0.99954,373.12866,2.23607,4.12311
BraTS20_Training_320,0.83403,0.81762,0.86051,0.96016,0.72183,0.95402,0.99968,0.99982,0.9997,2.23607,13.63818,2.44949
BraTS20_Training_321,0.0,0.82095,0.60804,0.0,0.7381,0.5018,1.0,0.99956,0.99952,373.12866,6.63325,8.30662
BraTS20_Training_322,0.46465,0.93313,0.92535,0.38656,0.98905,0.89461,1.0,0.9987,0.99973,18.43093,5.0,3.0
BraTS20_Training_323,0.00381,0.91082,0.88844,0.00193,0.86771,0.85382,1.0,0.999,0.99919,27.49545,5.38516,5.19615
BraTS20_Training_324,1.0,0.79522,0.23338,1.0,0.6903,0.13215,1.0,0.99965,1.0,0.0,15.0,24.06242
BraTS20_Training_325,0.0,0.25058,0.05966,0.0,0.17533,0.03259,1.0,0.99957,0.99993,373.12866,40.41472,15.65248
BraTS20_Training_326,0.38943,0.88422,0.7229,0.95059,0.90452,0.57316,0.99961,0.99799,0.99982,18.05547,15.85242,12.20656
BraTS20_Training_327,0.8353,0.95092,0.86385,0.80668,0.9414,0.78306,0.99976,0.99919,0.99948,2.44949,7.0,6.0
BraTS20_Training_328,0.75981,0.91761,0.60521,0.98166,0.86383,0.4533,0.99993,0.9992,0.99903,5.09902,5.74456,11.7047
BraTS20_Training_329,0.0,0.89681,0.56814,0.0,0.85884,0.40173,1.0,0.9996,0.99994,373.12866,3.16228,13.34166
BraTS20_Training_330,0.0,0.9285,0.83582,0.0,0.9399,0.76057,1.0,0.99949,0.99978,373.12866,3.60555,4.58258
BraTS20_Training_331,0.84454,0.84564,0.43954,0.77735,0.95952,0.33661,0.99998,0.99826,0.99976,1.41421,4.47214,7.15188
BraTS20_Training_332,0.87255,0.94961,0.60692,0.94764,0.99403,0.8787,0.99995,0.99937,0.99973,1.41421,1.41421,22.93469
BraTS20_Training_333,0.79186,0.95592,0.7309,0.702,0.9359,0.57646,0.99993,0.99952,0.99998,2.23607,2.82843,11.35782
BraTS20_Training_334,0.93671,0.96192,0.90166,0.93281,0.97541,0.89545,0.99992,0.99909,0.99987,1.0,2.0,2.0
BraTS20_Training_335,0.0,0.91004,0.51289,0.0,0.85717,0.37631,0.99995,0.99959,0.99938,373.12866,5.09902,9.43398
BraTS20_Training_336,0.93944,0.96457,0.94547,0.92171,0.98058,0.97624,0.99985,0.99937,0.99932,1.0,1.41421,5.74456
BraTS20_Training_337,0.92151,0.94255,0.89277,0.92462,0.98442,0.97345,0.99974,0.99867,0.99884,1.0,2.23607,7.78443
BraTS20_Training_338,0.94554,0.92155,0.9336,0.92974,0.96793,0.96568,0.9998,0.99791,0.99926,1.0,3.74166,4.94949
BraTS20_Training_339,0.89901,0.90046,0.89298,0.89853,0.9109,0.97325,0.99956,0.99812,0.99851,2.0,5.74456,11.6619
BraTS20_Training_340,0.92802,0.9175,0.90061,0.90055,0.95099,0.96619,0.99986,0.99893,0.99904,1.0,22.82542,9.65365
BraTS20_Training_341,0.84419,0.78304,0.84638,0.73878,0.70882,0.7458,0.99999,0.99986,0.99999,2.23607,6.08276,2.44949
BraTS20_Training_342,0.7438,0.89056,0.89012,0.60414,0.88422,0.81678,0.99987,0.99826,0.99977,3.16228,4.3589,7.34847
BraTS20_Training_343,0.89948,0.93862,0.93347,0.89136,0.93995,0.92877,0.99966,0.99887,0.99958,1.41421,3.16228,3.31662
BraTS20_Training_344,0.70866,0.91428,0.84356,0.58712,0.95666,0.88933,0.99993,0.99878,0.99952,7.0,2.82843,8.24621
BraTS20_Training_345,0.85291,0.79104,0.27677,0.78559,0.90448,0.78397,0.99996,0.99585,0.99732,6.48074,9.8995,22.67157
BraTS20_Training_346,0.88248,0.93013,0.93965,0.84127,0.94426,0.95357,0.99979,0.99924,0.99942,1.41421,4.12311,4.12311
BraTS20_Training_347,0.94603,0.91565,0.80386,0.9619,0.98338,0.98568,0.9998,0.99792,0.99829,1.0,4.47214,29.15476
BraTS20_Training_348,0.89101,0.95488,0.94404,0.83435,0.97824,0.96717,0.99981,0.99932,0.99945,1.41421,2.82843,2.82843
BraTS20_Training_349,0.89836,0.95155,0.95113,0.86882,0.9858,0.94727,0.99957,0.99829,0.99946,1.73205,2.23607,2.44949
BraTS20_Training_350,0.94582,0.93234,0.77815,0.94925,0.98316,0.98226,0.99975,0.99846,0.99698,1.41421,9.27362,31.01129
BraTS20_Training_351,0.86952,0.91753,0.8398,0.78653,0.91324,0.81318,0.99996,0.99913,0.99973,3.16228,2.23607,5.74456
BraTS20_Training_352,0.76508,0.93936,0.52514,0.63015,0.93023,0.70276,0.99998,0.99971,0.99897,3.16228,7.14143,12.80625
BraTS20_Training_353,0.78354,0.91299,0.85614,0.65154,0.87129,0.78722,0.99999,0.9998,0.99992,3.16228,2.82843,4.12311
BraTS20_Training_354,0.88093,0.92701,0.90844,0.8075,0.97039,0.96574,0.99982,0.9976,0.99822,1.41421,2.82843,10.35855
BraTS20_Training_355,0.91881,0.93592,0.94608,0.89293,0.96224,0.9439,0.99966,0.99852,0.99946,1.73205,3.0,3.0
BraTS20_Training_356,0.8789,0.82123,0.90818,0.88792,0.80054,0.93995,0.9997,0.99929,0.99955,2.23607,7.0,3.74166
BraTS20_Training_357,0.55552,0.89038,0.79202,0.39585,0.90036,0.69994,0.99995,0.99918,0.99981,11.04536,3.16228,7.0
BraTS20_Training_358,0.94438,0.92032,0.73615,0.94635,0.97788,0.96765,0.99992,0.9982,0.99884,1.0,2.23607,21.61018
BraTS20_Training_359,0.94376,0.93308,0.96438,0.94533,0.98887,0.98538,0.99979,0.99875,0.99966,1.0,2.23607,2.0
BraTS20_Training_360,0.907,0.93142,0.9424,0.86564,0.97471,0.92187,0.99979,0.99868,0.99978,2.23607,3.0,3.0
BraTS20_Training_361,0.01177,0.93856,0.01807,0.00709,0.9698,0.17376,0.99999,0.99914,0.99344,29.12731,3.4641,28.35578
BraTS20_Training_362,0.8601,0.94843,0.86254,0.79324,0.97981,0.96244,0.99977,0.99844,0.99818,2.0,2.44949,5.83095
BraTS20_Training_363,0.90294,0.94571,0.94521,0.84751,0.97682,0.93171,0.99984,0.99878,0.99968,1.41421,2.44949,2.23607
BraTS20_Training_364,0.86388,0.91412,0.91287,0.79182,0.91672,0.90975,0.99986,0.99901,0.99953,3.16228,2.44949,3.16228
BraTS20_Training_365,0.925,0.94481,0.9313,0.89116,0.98078,0.97276,0.99987,0.99839,0.99916,1.0,2.23607,7.28011
BraTS20_Training_366,0.82459,0.91773,0.85,0.74416,0.96517,0.80045,0.99986,0.99928,0.99978,4.24264,3.60555,43.08132
BraTS20_Training_367,0.88195,0.93524,0.69775,0.81903,0.95097,0.86062,0.99992,0.99881,0.99854,2.44949,2.23607,16.40122
BraTS20_Training_368,0.89152,0.94271,0.77805,0.84806,0.95552,0.87943,0.9999,0.99932,0.99923,2.0,1.73205,8.60232
BraTS20_Training_369,0.93616,0.94235,0.91446,0.91217,0.93729,0.97351,0.99982,0.99866,0.99889,1.0,3.74166,8.18535
Mean,0.75983,0.8854,0.80669,0.76832,0.88845,0.83675,0.99974,0.99898,0.99936,24.72246,6.01101,10.15846
StdDev,0.25022,0.08867,0.17964,0.26992,0.12512,0.19487,0.00029,0.00082,0.00083,85.92247,7.67428,11.41269
Median,0.85605,0.91036,0.8652,0.87219,0.93213,0.90643,0.99982,0.99918,0.99959,2.0,3.60555,5.91608
25quantile,0.73996,0.86622,0.77794,0.73878,0.85884,0.81105,0.99966,0.99853,0.99925,1.41421,2.82843,3.16228
75quantile,0.90012,0.93592,0.91625,0.93362,0.96517,0.95275,0.99993,0.99958,0.99982,3.74166,5.91608,12.0416
